ID,Type,SKU,"GTIN, UPC, EAN, or ISBN",Name,Published,Is featured?,Visibility in catalog,Short description,Description,Date sale price starts,Date sale price ends,Tax status,Tax class,In stock?,Stock,Low stock amount,Backorders allowed?,Sold individually?,Weight (lbs),Length (in),Width (in),Height (in),Allow customer reviews?,Purchase note,Sale price,Regular price,Categories,Tags,Shipping class,Images,Download limit,Download expiry days,Parent,Grouped products,Upsells,Cross-sells,External URL,Button text,Position,Swatches Attributes,Brands,Meta: _eael_post_view_count,Meta: _wp_page_template,Meta: anarkali_loop_product_slider_speed,Meta: anarkali_showcase_type,Meta: anarkali_showcase_bg_type,Meta: anarkali_showcase_custom_bgcolor,Meta: anarkali_showcase_custom_textcolor,Meta: anarkali_badge_color,Meta: anarkali_product_extra_fatures,Meta: anarkali_custom_badge,Meta: anarkali_product_size_guide,Meta: anarkali_countdown_date,Meta: anarkali_countdown_text,Meta: anarkali_product_video_type,Meta: anarkali_product_video_source_type,Meta: anarkali_product_popup_video,Meta: anarkali_product_iframe_video,Meta: anarkali_product_video_preview,Meta: anarkali_product_video_on_shop,Meta: anarkali_tabs_title,Meta: anarkali_tabs_content,Meta: anarkali_product_header_type,Meta: anarkali_product_header_bgcolor,Meta: anarkali_product_header_menuitem_color,Meta: anarkali_product_header_menuitem_hvrcolor,Meta: anarkali_product_header_svgicon_color,Meta: anarkali_product_header_counter_bgcolor,Meta: anarkali_product_header_counter_color,Meta: anarkali_product_sticky_header_bgcolor,Meta: anarkali_product_sticky_header_menuitem_color,Meta: anarkali_product_sticky_header_menuitem_hvrcolor,Meta: anarkali_product_sticky_header_svgicon_color,Meta: anarkali_product_sticky_header_counter_bgcolor,Meta: anarkali_product_sticky_header_counter_color,Meta: _product_360_image_gallery
,simple,GG-01 A-M,,"Royal Purple Banarasi Silk Saree with Golden Zari & Peacock Pallu | Wedding, Festive & Traditional Wear",1,0,visible,"Elevate your ethnic style with this royal purple Banarasi silk saree, featuring all-over golden zari motifs and a grand peacock-themed pallu in vibrant hues.","Crafted from premium silk, it is perfect for weddings, festive celebrations, and traditional events. Comes with a matching blouse piece.",,,taxable,,1,100,,0,0,,,,,1,,1500,2800,Gopi Silk Saree,,,"https://imagizer.imageshack.com/img923/3924/8uTOIU.jpg, https://imagizer.imageshack.com/img922/5247/RC84c0.jpg, https://imagizer.imageshack.com/img924/456/kUuOgL.jpg, https://imagizer.imageshack.com/img922/9861/Yvf8Ja.jpg, https://imagizer.imageshack.com/img922/4493/VEaLDH.jpg, https://imagizer.imageshack.com/img922/7695/bkGNsr.jpg",,,,,,,,,0,,,,default,,,,,,,,,,,,,,,,,,,,,,,,,,,,,,,,,
,simple,GG-02 A-M,,"Elegant Sage Green Banarasi Silk Saree with Golden Zari Motifs & Peacock Pallu | Wedding, Festive & Traditional Wear",1,0,visible,"Drape yourself in timeless elegance with this sage green Banarasi silk saree, adorned with delicate golden zari motifs, floral border, and a majestic peacock pallu. Perfect for weddings, festive celebrations, and cultural occasions. Comes with a matching blouse piece.","The intricately woven floral border further elevates its grandeur, creating a perfect balance of richness and grace. The highlight of this masterpiece is its majestic pallu, designed with lifelike peacock motifs amidst a scenic landscape, rendered in vibrant hues that symbolize beauty, prosperity, and timeless artistry.",,,taxable,,1,100,,0,0,,,,,1,,1500,2800,Gopi Silk Saree,,,"https://imagizer.imageshack.com/img924/5746/MbMvMV.jpg, https://imagizer.imageshack.com/img922/4113/B5SqMu.jpg, https://imagizer.imageshack.com/img924/2061/m5CufU.jpg, https://imagizer.imageshack.com/img922/9591/NtF5UY.jpg, https://imagizer.imageshack.com/img924/2513/QKBrWm.jpg",,,,,,,,,0,,,,default,,,,,,,,,,,,,,,,,,,,,,,,,,,,,,,,,
,simple,GG-03 A-M,,"Lavender Banarasi Silk Saree with Golden Zari & Peacock Motif Pallu | Wedding, Festive & Traditional Wear",1,0,visible,"Enhance your ethnic elegance with this lavender Banarasi silk saree, featuring golden zari motifs, rich woven border, and a majestic peacock pallu. Perfect for weddings, festive events, and traditional gatherings. Comes with a matching blouse piece.","Step into timeless beauty with this Lavender Banarasi Silk Saree with Majestic Peacock Motif Pallu, a masterpiece that blends tradition with artistic elegance. Crafted from premium Banarasi silk, the saree boasts a soft, luminous texture that drapes gracefully, making it an ideal choice for special occasions.",,,taxable,,1,100,,0,0,,,,,1,,1500,2800,Gopi Silk Saree,,,"https://imagizer.imageshack.com/img922/60/nQlp8N.jpg, https://imagizer.imageshack.com/img922/5818/RHhDPH.jpg, https://imagizer.imageshack.com/img923/4966/GTScmd.jpg, https://imagizer.imageshack.com/img922/8315/fDImMi.jpg, https://imagizer.imageshack.com/img924/413/5StxNu.jpg, https://imagizer.imageshack.com/img922/9192/FkVpIz.jpg",,,,,,,,,0,,,,default,,,,,,,,,,,,,,,,,,,,,,,,,,,,,,,,,
,simple,GG-04 A-M,,"Rosewood Pink Banarasi Silk Saree with Golden Zari & Peacock Pallu | Wedding, Festive & Traditional Wear",1,0,visible,"Step into regal elegance with this rosewood pink Banarasi silk saree, featuring golden zari floral motifs, ornate border, and a scenic peacock pallu. Perfect for weddings, festivals, and cultural events. Includes matching blouse piece.","Indulge in the grandeur of tradition with this Rosewood Pink Banarasi Silk Saree with Artistic Peacock Pallu, a true masterpiece of Indian craftsmanship. Made from premium Banarasi silk, the saree boasts a rich, lustrous texture that drapes effortlessly, radiating sophistication at every occasion.",,,taxable,,1,100,,0,0,,,,,1,,1500,2800,Gopi Silk Saree,,,"https://imagizer.imageshack.com/img922/1838/I0DFPJ.jpg, https://imagizer.imageshack.com/img923/1009/hT67jL.jpg, https://imagizer.imageshack.com/img922/7091/ukmxvB.jpg, https://imagizer.imageshack.com/img923/4056/dFYVj7.jpg, https://imagizer.imageshack.com/img923/2474/StzQnn.jpg, https://imagizer.imageshack.com/img924/3074/OUX9R5.jpg",,,,,,,,,0,,,,default,,,,,,,,,,,,,,,,,,,,,,,,,,,,,,,,,
,simple,GG-05 A-M,,"Elegant Sea Green Silk Saree with Golden Zari & Peacock Motif Pallu | Wedding, Festive & Traditional Wear",1,0,visible,"Step into elegance with this sea green silk saree, featuring gold zari floral weaving and a majestic peacock motif pallu. Perfect for weddings, parties, and festive occasions. Includes matching blouse piece.","Drape yourself in timeless beauty with this Elegant Sea Green Silk Saree with Peacock Motif Pallu, a perfect balance of luxury and tradition. Crafted from rich, smooth silk blend, the saree glows with its luminous texture and intricate detailing.",,,taxable,,1,100,,0,0,,,,,1,,1500,2800,Gopi Silk Saree,,,"https://imagizer.imageshack.com/img924/851/uGPjo5.jpg, https://imagizer.imageshack.com/img923/9417/XDxLtE.jpg, https://imagizer.imageshack.com/img923/5499/oQGqe0.jpg, https://imagizer.imageshack.com/img922/7899/0kcRNr.jpg",,,,,,,,,0,,,,default,,,,,,,,,,,,,,,,,,,,,,,,,,,,,,,,,
,simple,GG-06 A-M,,"Radiant Orange Silk Saree with Golden Zari & Peacock Pallu | Festive, Wedding & Traditional Wear",1,0,visible,"Add vibrance to your ethnic look with this orange silk saree, adorned with golden zari motifs, floral border, and a regal peacock pallu. Perfect for weddings, festive events, and cultural celebrations. Comes with a matching blouse piece.","Bring a splash of tradition and elegance to your wardrobe with this Radiant Orange Silk Saree with Peacock Pallu, a masterpiece of artistry and craftsmanship. Woven from a premium silk blend, the saree radiates festive charm with its bright orange hue and glossy texture.",,,taxable,,1,100,,0,0,,,,,1,,1500,2800,Gopi Silk Saree,,,"https://imagizer.imageshack.com/img922/9063/vW9ZaG.jpg, https://imagizer.imageshack.com/img922/9306/SdJBfZ.jpg, https://imagizer.imageshack.com/img923/911/LVPC1D.jpg, https://imagizer.imageshack.com/img924/4647/C3n7xO.jpg, https://imagizer.imageshack.com/img923/2564/ClG4LV.jpg, https://imagizer.imageshack.com/img924/9752/6IjJ1y.jpg",,,,,,,,,0,,,,default,,,,,,,,,,,,,,,,,,,,,,,,,,,,,,,,,
,simple,GG-07 A-M,,"Majestic Magenta Silk Saree with Silver Zari & Twin Peacock Pallu | Wedding, Festive & Traditional Wear",1,0,visible,"Stand out in elegance with this magenta silk saree, woven with silver zari motifs, floral border, and a twin peacock motif pallu. Perfect for weddings, festive occasions, and grand celebrations. Includes matching blouse piece.","Celebrate tradition and artistry with this Majestic Magenta Silk Saree with Peacock Pallu, a true statement of elegance and grandeur. Crafted from luxurious silk blend, the saree features a soft, glossy texture that drapes beautifully, making it ideal for special occasions.",,,taxable,,1,100,,0,0,,,,,1,,1500,2800,Gopi Silk Saree,,,"https://imagizer.imageshack.com/img922/9596/Aii0TF.jpg, https://imagizer.imageshack.com/img922/9596/Aii0TF.jpg, https://imagizer.imageshack.com/img922/8219/yWm3aY.jpg, https://imagizer.imageshack.com/img924/8941/bN3U8s.jpg, https://imagizer.imageshack.com/img924/8976/CWIL22.jpg, https://imagizer.imageshack.com/img922/4358/zQobLC.jpg",,,,,,,,,0,,,,default,,,,,,,,,,,,,,,,,,,,,,,,,,,,,,,,,
,simple,GG-08 A-M,,"Teal Banarasi Silk Saree with Golden Zari & Peacock Pallu | Wedding, Festive & Traditional Wear",1,0,visible,"Drape yourself in elegance with this teal Banarasi silk saree, adorned with gold zari motifs, floral border, and a majestic peacock pallu. Perfect for weddings, festive occasions, and cultural gatherings. Comes with a matching blouse piece.","Celebrate tradition with grace in this Teal Banarasi Silk Saree with Majestic Peacock Pallu, a timeless creation that blends luxury and heritage. Crafted from premium Banarasi silk, the fabric shimmers with richness and drapes effortlessly, making it perfect for special occasions.",,,taxable,,1,100,,0,0,,,,,1,,1500,2800,Gopi Silk Saree,,,"https://imagizer.imageshack.com/img923/2176/7GIjop.jpg, https://imagizer.imageshack.com/img923/8273/HYUHbZ.jpg, https://imagizer.imageshack.com/img922/8919/LKp2rd.jpg, https://imagizer.imageshack.com/img923/9978/4NxNBk.jpg, https://imagizer.imageshack.com/img924/4593/CRIB2E.jpg, https://imagizer.imageshack.com/img923/7463/zK2xpK.jpg",,,,,,,,,0,,,,default,,,,,,,,,,,,,,,,,,,,,,,,,,,,,,,,,
,simple,GG-09 A-M,,"Emerald Green Banarasi Silk Saree with Golden Zari & Peacock Pallu | Wedding, Festive & Traditional Wear",1,0,visible,"Step into elegance with this emerald green Banarasi silk saree, featuring gold zari motifs, a wide floral border, and a vibrant peacock pallu. Perfect for weddings, festive occasions, and grand celebrations. Comes with a matching blouse piece.","Indulge in the timeless luxury of this Emerald Green Banarasi Silk Saree with Artistic Peacock Pallu, crafted to embody grace, tradition, and artistry. Woven from soft, lustrous Banarasi silk, the saree drapes beautifully, radiating richness with every pleat.",,,taxable,,1,100,,0,0,,,,,1,,1500,2800,Gopi Silk Saree,,,"https://imagizer.imageshack.com/img923/1008/aJc61S.jpg, https://imagizer.imageshack.com/img922/2694/7FKe8A.jpg, https://imagizer.imageshack.com/img922/4093/QOc4FP.jpg, https://imagizer.imageshack.com/img923/4163/idI7DT.jpg, https://imagizer.imageshack.com/img922/4369/lPsfpZ.jpg, https://imagizer.imageshack.com/img922/6982/SoWbnF.jpg",,,,,,,,,0,,,,default,,,,,,,,,,,,,,,,,,,,,,,,,,,,,,,,,
,simple,GG-10 A-M,,"Cream & Pink Banarasi Silk Saree with Silver Zari | Wedding, Party & Traditional Wear | Elegant Banarasi Saree with Contrast Pallu",1,0,visible,"Grace your occasions with this cream and pink Banarasi silk saree, featuring silver zari block motifs, a rich temple-style pallu, and a striking contrast border. Perfect for weddings, parties, and religious ceremonies, complete with a matching blouse piece.","Step into royal elegance with this Cream and Pink Banarasi Silk Saree with Rich Silver Zari Weaving, designed for women who love timeless tradition with a touch of grandeur. The luxurious cream silk base is adorned with intricate silver zari block motifs, lending sophistication and heritage appeal.",,,taxable,,1,100,,0,0,,,,,1,,1500,2800,Gopi Silk Saree,,,"https://imagizer.imageshack.com/img924/4374/MwU3nX.jpg, https://imagizer.imageshack.com/img923/3333/sknd2S.jpg, https://imagizer.imageshack.com/img924/5551/Y99JE4.jpg, https://imagizer.imageshack.com/img924/8664/ro8mHk.jpg, https://imagizer.imageshack.com/img923/5008/j8IGPp.jpg, https://imagizer.imageshack.com/img924/1502/pIYa9S.jpg",,,,,,,,,0,,,,default,,,,,,,,,,,,,,,,,,,,,,,,,,,,,,,,,
,simple,GG-11 A-M,,Aqua Blue & Pink Banarasi Silk Saree with Silver Zari | Festive & Wedding Wear Saree | Elegant Banarasi Saree with Contrast Pallu,1,0,visible,"Drape elegance with this aqua blue and pink Banarasi silk saree, featuring silver zari motifs, a rich paisley-floral pallu, and ornate contrast border. Perfect for weddings, parties, and festive occasions, comes with matching blouse piece.","Add vibrancy to your ethnic wardrobe with this Aqua Blue and Pink Banarasi Silk Saree with Silver Zari Weaving, a masterpiece that blends tradition with sophistication. The aqua blue silk base is beautifully adorned with structured silver zari block motifs, adding richness and subtle shimmer to the body.",,,taxable,,1,100,,0,0,,,,,1,,1500,2800,Gopi Silk Saree,,,"https://imagizer.imageshack.com/img923/2072/Bud3WM.jpg, https://imagizer.imageshack.com/img924/6879/fxyg3n.jpg, https://imagizer.imageshack.com/img923/9686/HdzVxK.jpg, https://imagizer.imageshack.com/img924/6247/yxs05e.jpg, https://imagizer.imageshack.com/img923/8477/yK2TcT.jpg, https://imagizer.imageshack.com/img923/9775/WjoHVM.jpg",,,,,,,,,0,,,,default,,,,,,,,,,,,,,,,,,,,,,,,,,,,,,,,,
,simple,GG-12 A-M,,Orange & Pink Banarasi Silk Saree with Silver Zari | Wedding & Festive Saree | Traditional Banarasi Saree with Rich Contrast Pallu,1,0,visible,"Shine with elegance in this orange and pink Banarasi silk saree, featuring silver zari motifs, intricate temple & paisley pallu, and ornate border. Perfect for weddings, festivals, and grand occasions. Comes with a matching blouse piece.","Celebrate timeless tradition with this Orange and Pink Banarasi Silk Saree with Silver Zari Work, a masterpiece that radiates festive grandeur. The bright orange silk base is embellished with silver zari checks and floral weaving, blending heritage artistry with vibrant charm.",,,taxable,,1,100,,0,0,,,,,1,,1500,2800,Gopi Silk Saree,,,"https://imagizer.imageshack.com/img924/1977/69z1pz.jpg, https://imagizer.imageshack.com/img923/4012/whvwM5.jpg, https://imagizer.imageshack.com/img923/7165/VuL4Mf.jpg, https://imagizer.imageshack.com/img922/7881/8geMhv.jpg, https://imagizer.imageshack.com/img924/7483/CmGJMS.jpg, https://imagizer.imageshack.com/img922/6748/0jngyO.jpg",,,,,,,,,0,,,,default,,,,,,,,,,,,,,,,,,,,,,,,,,,,,,,,,
,simple,GG-13 A-M,,Pastel Green & Dark Green Banarasi Silk Saree with Silver Zari | Wedding & Festive Wear | Elegant Designer Banarasi Saree,1,0,visible,"Exude elegance with this pastel green Banarasi silk saree featuring silver zari motifs, dark green border & pallu, and paisley accents. Paired with a contrasting grey blouse, perfect for weddings, receptions, and festive occasions.","Discover the perfect harmony of grace and tradition with this Pastel Green and Dark Green Banarasi Silk Saree with Silver Zari Weaving. The soft pastel green body is beautifully adorned with geometric zari motifs in square patterns, enhanced by delicate pink accents that add a subtle touch of vibrance.",,,taxable,,1,100,,0,0,,,,,1,,1500,2800,Gopi Silk Saree,,,"https://imagizer.imageshack.com/img922/5094/7jFLeJ.jpg, https://imagizer.imageshack.com/img923/8291/DYC8f3.jpg, https://imagizer.imageshack.com/img924/2366/Or851x.jpg, https://imagizer.imageshack.com/img922/5863/h3Lb4O.jpg, https://imagizer.imageshack.com/img923/8943/Oeh65x.jpg, https://imagizer.imageshack.com/img923/1429/Y6b3Vt.jpg",,,,,,,,,0,,,,default,,,,,,,,,,,,,,,,,,,,,,,,,,,,,,,,,
,simple,GG-14 A-M,,Baby Pink Banarasi Silk Saree with Silver Zari Weaving | Wedding & Festive Wear | Elegant Traditional Designer Saree,1,0,visible,"Embrace timeless grace with this baby pink Banarasi silk saree, richly woven with silver zari motifs, ornate border & pallu. Paired with a matching blouse, perfect for weddings, festivals, and special occasions.","Celebrate elegance and tradition with this Baby Pink Banarasi Silk Saree with Rich Silver Zari Detailing. Crafted from premium silk, the soft pastel pink body is beautifully embellished with intricate geometric and floral motifs, woven in silver zari that radiates subtle grandeur.",,,taxable,,1,100,,0,0,,,,,1,,1500,2800,Gopi Silk Saree,,,"https://imagizer.imageshack.com/img924/5885/HZbxBn.jpg, https://imagizer.imageshack.com/img922/5691/rW7ts2.jpg, https://imagizer.imageshack.com/img922/7043/QR9L5g.jpg, https://imagizer.imageshack.com/img922/1578/oafFJT.jpg, https://imagizer.imageshack.com/img923/231/gjHsPq.jpg, https://imagizer.imageshack.com/img923/6406/x3oHUj.jpg",,,,,,,,,0,,,,default,,,,,,,,,,,,,,,,,,,,,,,,,,,,,,,,,
,simple,GG-15 A-M,,Mauve Banarasi Silk Saree with Silver Geometric & Floral Zari | Wedding & Festive Wear | Elegant Designer Saree,1,0,visible,"Turn heads with this mauve Banarasi silk saree featuring silver zari geometric patterns, floral pallu & ornate border. Perfect for weddings, receptions, and festive occasions.","Add a touch of refined elegance to your wardrobe with this Mauve Banarasi Silk Saree with Silver Geometric and Floral Zari Work. The body of the saree is adorned with striking geometric silver zari patterns, offering a modern edge while staying rooted in tradition.",,,taxable,,1,100,,0,0,,,,,1,,1500,2800,Gopi Silk Saree,,,"https://imagizer.imageshack.com/img923/1747/tVIAVX.jpg, https://imagizer.imageshack.com/img924/812/iGZIHm.jpg, https://imagizer.imageshack.com/img924/9267/XHl9VY.jpg, https://imagizer.imageshack.com/img922/2801/hpqNXV.jpg, https://imagizer.imageshack.com/img923/9776/PUeT4X.jpg, https://imagizer.imageshack.com/img923/65/EMru8w.jpg",,,,,,,,,0,,,,default,,,,,,,,,,,,,,,,,,,,,,,,,,,,,,,,,
,simple,GG-16 A-M,,Pastel Green Banarasi Silk Saree with Golden Zari Weaving | Geometric & Floral Design | Wedding & Festive Wear Saree,1,0,visible,"Exude elegance with this pastel green Banarasi silk saree, adorned with golden zari geometric motifs and floral weaves on the border & pallu. A perfect pick for weddings, festivals, and cultural events.","Step into the world of sophistication with this Pastel Green Banarasi Silk Saree with Golden Zari Weaving. The body of the saree is enhanced with delicate geometric diamond motifs in shimmering gold, symbolizing timeless artistry.",,,taxable,,1,100,,0,0,,,,,1,,1350,2499,Gopi Silk Saree,,,"https://imagizer.imageshack.com/img924/5557/9LdJaa.jpg, https://imagizer.imageshack.com/img922/7972/fIOXdm.jpg, https://imagizer.imageshack.com/img924/8481/oLCfIE.jpg, https://imagizer.imageshack.com/img924/9268/nvNGmr.jpg, https://imagizer.imageshack.com/img922/5466/QqASdk.jpg, https://imagizer.imageshack.com/img923/3553/1SFKK8.jpg",,,,,,,,,0,,,,default,,,,,,,,,,,,,,,,,,,,,,,,,,,,,,,,,
,simple,GG-17 A-M,,Lavender Banarasi Silk Saree with Silver Zari Geometric & Floral Weaving | Wedding & Festive Traditional Saree,1,0,visible,"Elevate your look with this lavender Banarasi silk saree featuring silver zari geometric motifs, floral pallu & ornate border. Perfect for weddings, festivals & traditional gatherings.","Step into grace and sophistication with this Lavender Banarasi Silk Saree with Silver Zari Geometric and Floral Design. The body is elegantly woven with delicate geometric zari motifs, adding a structured charm, while the pallu and ornate borders are enriched with floral silver zari detailing for a timeless touch.",,,taxable,,1,100,,0,0,,,,,1,,1350,2499,Gopi Silk Saree,,,"https://imagizer.imageshack.com/img924/8403/M6a5go.jpg, https://imagizer.imageshack.com/img923/7669/0BsPKx.jpg, https://imagizer.imageshack.com/img923/6519/AlAKDo.jpg, https://imagizer.imageshack.com/img924/2903/C1BNmP.jpg, http",,,,,,,,,0,,,,default,,,,,,,,,,,,,,,,,,,,,,,,,,,,,,,,,
,simple,GG-18 A-M,,"Emerald Green Banarasi Silk Saree with Silver Zari | Geometric & Floral Design | Wedding, Festive & Traditional Wear",1,0,visible,"Make a statement with this emerald green Banarasi silk saree, featuring silver zari geometric motifs, floral pallu, and ornate borders. Ideal for weddings, festivals, and traditional celebrations.","Embrace sophistication with this Emerald Green Banarasi Silk Saree with Silver Zari Detailing. The saree’s body is adorned with intricate geometric patterns in diamond and triangle shapes, while the lavish pallu showcases traditional floral motifs, reflecting the elegance of Indian craftsmanship.",,,taxable,,1,100,,0,0,,,,,1,,1350,2499,Gopi Silk Saree,,,"https://imagizer.imageshack.com/img923/3471/6hmLMH.jpg, https://imagizer.imageshack.com/img922/2430/b21ZQb.jpg, https://imagizer.imageshack.com/img924/899/5UO6iC.jpg, https://imagizer.imageshack.com/img924/5585/Vj3uvE.jpg, https://imagizer.imageshack.com/img923/7655/igjhWT.jpg",,,,,,,,,0,,,,default,,,,,,,,,,,,,,,,,,,,,,,,,,,,,,,,,
,simple,GG-19 A-M,,"Light Green Banarasi Silk Saree with Golden Zari | Wedding, Festive & Traditional Wear | Elegant Designer Saree",1,0,visible,"Enhance your elegance with this light green Banarasi silk saree featuring intricate golden zari motifs, rich pallu, and detailed borders. Ideal for weddings, festive occasions, and grand celebrations, paired with a matching blouse.","Step into timeless elegance with this Graceful Light Green Banarasi Silk Saree. Crafted from premium silk, the saree is adorned with all-over intricate golden zari weaving, creating patterns that showcase traditional artistry and sophistication.",,,taxable,,1,100,,0,0,,,,,1,,1350,2499,Gopi Silk Saree,,,"https://imagizer.imageshack.com/img924/1722/3AIQtP.jpg, https://imagizer.imageshack.com/img922/9057/6vXGcD.jpg, https://imagizer.imageshack.com/img923/7358/jWmV9K.jpg, https://imagizer.imageshack.com/img922/5171/0i4P8k.jpg, https://imagizer.imageshack.com/img924/6822/nvguWO.jpg, https://imagizer.imageshack.com/img924/5263/1xXtZo.jpg",,,,,,,,,0,,,,default,,,,,,,,,,,,,,,,,,,,,,,,,,,,,,,,,
,simple,GG-23 A-M,,"Mint Green Banarasi Silk Saree with Golden Zari & Peacock Design | Wedding, Festive & Traditional Wear | Designer Saree",1,0,visible,"Drape elegance with this mint green Banarasi silk saree, featuring golden zari motifs, peacock patterns, and richly woven pallu. Perfect for weddings, festivals, parties, and traditional celebrations, with matching blouse piece included.","Step into timeless sophistication with this Elegant Mint Green Banarasi Silk Saree with Golden Zari Weaving. The luxurious Banarasi silk fabric is adorned with intricate golden zari motifs, creating a regal look that combines tradition with style.",,,taxable,,1,100,,0,0,,,,,1,,1350,2499,Gopi Silk Saree,,,"https://imagizer.imageshack.com/img923/5104/n6dkdX.jpg, https://imagizer.imageshack.com/img923/2564/ifeCfE.jpg, https://imagizer.imageshack.com/img923/2217/lcMHrD.jpg, https://imagizer.imageshack.com/img923/5962/dQXtwi.jpg, https://imagizer.imageshack.com/img923/6542/9PEgyT.jpg, https://imagizer.imageshack.com/img922/1428/Rc2bbK.jpg",,,,,,,,,0,,,,default,,,,,,,,,,,,,,,,,,,,,,,,,,,,,,,,,
,simple,GG-24 A-M,,"Lime Green Banarasi Silk Saree with Golden Zari & Peacock Motifs | Wedding, Festive & Traditional Wear | Designer Saree",1,0,visible,"Radiate elegance with this lime green Banarasi silk saree, adorned with golden zari peacock and paisley motifs, rich floral pallu, and ornate borders. Ideal for weddings, festivals, parties, and traditional occasions, with matching blouse piece included.","Add a touch of festive charm to your ethnic wardrobe with this Lime Green Banarasi Silk Saree with Intricate Zari Peacock Motifs. The saree features premium Banarasi silk fabric intricately woven with golden zari work, highlighting elegant peacock and paisley motifs throughout the body.",,,taxable,,1,100,,0,0,,,,,1,,1350,2499,Gopi Silk Saree,,,"https://imagizer.imageshack.com/img924/305/9elxaz.jpg, https://imagizer.imageshack.com/img922/6404/h88mNz.jpg, https://imagizer.imageshack.com/img923/5632/s0ausZ.jpg, https://imagizer.imageshack.com/img923/2818/RK8BrQ.jpg, https://imagizer.imageshack.com/img922/9624/CXNNas.jpg, https://imagizer.imageshack.com/img922/3417/JrAcZ0.jpg",,,,,,,,,0,,,,default,,,,,,,,,,,,,,,,,,,,,,,,,,,,,,,,,
,simple,GG-25 A-M,,"Mauve Purple Banarasi Silk Saree with Golden Zari & Peacock Motifs | Wedding, Festive & Traditional Designer Saree",1,0,visible,"Exude regal charm with this mauve purple Banarasi silk saree, featuring golden zari peacock motifs, leaf butis, and intricately woven pallu. Perfect for weddings, festive events, parties, and traditional celebrations, with matching blouse included.","Elevate your ethnic wardrobe with this Mauve Purple Banarasi Silk Saree with Gold Zari Peacock Work. Crafted from premium Banarasi silk, the saree is adorned with intricate golden zari weaving, showcasing majestic peacock motifs and delicate leaf butis across the body for a sophisticated look.",,,taxable,,1,100,,0,0,,,,,1,,1350,2499,Gopi Silk Saree,,,"https://imagizer.imageshack.com/img924/6354/OcNCQ1.jpg, https://imagizer.imageshack.com/img924/8716/pVU8x5.jpg, https://imagizer.imageshack.com/img923/5995/Aw6WHM.jpg, https://imagizer.imageshack.com/im",,,,,,,,,0,,,,default,,,,,,,,,,,,,,,,,,,,,,,,,,,,,,,,,
,simple,GG-26 A-M,,"Lavender Banarasi Silk Saree with Golden Zari & Peacock Motifs | Wedding, Festive & Traditional Designer Saree",1,0,visible,"Elevate your ethnic look with this lavender Banarasi silk saree, featuring golden zari peacock motifs, delicate leaf butis, and a richly woven pallu. Perfect for weddings, festive events, parties, and traditional celebrations, with matching blouse included.","Step into elegance with this Lavender Banarasi Silk Saree with Golden Zari Weaving. Crafted from premium Banarasi art silk, the saree is adorned with intricate golden zari motifs, including traditional peacocks and delicate leaf butis across the body.",,,taxable,,1,100,,0,0,,,,,1,,1350,2499,Gopi Silk Saree,,,"https://imagizer.imageshack.com/img923/7072/e1bRmK.jpg, https://imagizer.imageshack.com/img923/695/VBmk2L.jpg, https://imagizer.imageshack.com/img922/5935/jO9QxC.jpg, https://imagizer.imageshack.com/img922/3183/igzgRE.jpg, https://",,,,,,,,,0,,,,default,,,,,,,,,,,,,,,,,,,,,,,,,,,,,,,,,
,simple,GG-27 A-M,,"Rose Pink Banarasi Silk Saree with Silver Zari | Floral & Paisley Motifs | Wedding, Festive & Traditional Wear",1,0,visible,"Elevate your ethnic look with this rose pink Banarasi silk saree, featuring intricate silver zari floral and paisley motifs, ornate pallu, and detailed border. Perfect for weddings, festive occasions, and traditional ceremonies, with matching blouse piece included.","Step into elegance with this Rose Pink Banarasi Silk Saree with Intricate Silver Zari Weave. Crafted from premium Banarasi silk, the saree showcases shimmering silver zari motifs in floral and paisley designs across the body, reflecting traditional craftsmanship and opulence.",,,taxable,,1,100,,0,0,,,,,1,,1350,2499,Gopi Silk Saree,,,"https://imagizer.imageshack.com/img923/3366/DvN4Kn.jpg, https://imagizer.imageshack.com/img924/9639/CixQog.jpg, https://imagizer.imageshack.com/img922/589/WQbNJf.jpg, https://imagizer.imageshack.com/img924/6194/qS81c3.jpg, https://imagizer.imageshack.com/img924/6254/9wQFlE.jpg, https://imagizer.imageshack.com/img924/7130/dv2EB3.jpg",,,,,,,,,0,,,,default,,,,,,,,,,,,,,,,,,,,,,,,,,,,,,,,,
,simple,GG-28 A-M,,"Lavender Banarasi Silk Saree with Silver Zari | Floral & Paisley Motifs | Wedding, Festive & Traditional Wear",1,0,visible,"Drape elegance with this lavender Banarasi silk saree, featuring intricate silver zari floral and paisley motifs, richly woven pallu, and ornate border. Perfect for weddings, receptions, festive occasions, and cultural ceremonies, with matching blouse piece included.","Step into timeless sophistication with this Lavender Banarasi Silk Saree with Silver Zari Weaving. Crafted from premium Banarasi silk, the saree features meticulously woven silver zari motifs in classic floral and paisley designs, radiating regal charm.",,,taxable,,1,100,,0,0,,,,,1,,1350,2499,Gopi Silk Saree,,,"https://imagizer.imageshack.com/img922/5731/3sWurH.jpg, https://imagizer.imageshack.com/img922/893/KzKIZd.jpg, https://imagizer.imageshack.com/img923/1568/U132yB.jpg, https://imagizer.imageshack.com/img922/1973/FE3gu4.jpg, https://imagizer.imageshack.com/img923/4627/u9Kzku.jpg, https://imagizer.imageshack.com/img922/6575/o7rTHR.jpg",,,,,,,,,0,,,,default,,,,,,,,,,,,,,,,,,,,,,,,,,,,,,,,,
,simple,GG-29 A-M,,"Mint Green Banarasi Silk Saree with Golden Zari | Floral & Ornate Pallu | Wedding, Festive & Traditional Wear",1,0,visible,"Elevate your ethnic wardrobe with this mint green Banarasi silk saree, featuring intricate golden zari floral and vine motifs, ornate pallu, and detailed border. Perfect for weddings, festive celebrations, receptions, and cultural events, with matching unstitched blouse included.","Step into regal elegance with this Mint Green Banarasi Silk Saree with Golden Zari Weaving. Crafted from premium Banarasi silk, the saree is adorned with intricate golden zari motifs, including traditional floral and vine patterns that reflect the grandeur of Indian heritage craftsmanship.",,,taxable,,1,100,,0,0,,,,,1,,1350,2499,Gopi Silk Saree,,,"https://imagizer.imageshack.com/img922/2390/78xlqo.jpg, https://imagizer.imageshack.com/img923/7125/h99aO7.jpg, https://imagizer.imageshack.com/img924/8601/GTlMPK.jpg, https://imagizer.imageshack.com/img922/4023/xGPBau.jpg, https://imagizer.imageshack.com/img923/2708/VXHyrG.jpg, https://imagizer.imageshack.com/img923/3595/ydZXzd.jpg",,,,,,,,,0,,,,default,,,,,,,,,,,,,,,,,,,,,,,,,,,,,,,,,
,simple,GG-30 A-M,,"Teal Banarasi Silk Saree with Golden Zari | Floral & Peacock Motifs | Wedding, Festive & Traditional Wear",1,0,visible,"Drape yourself in elegance with this teal Banarasi silk saree, featuring golden zari floral and peacock motifs, ornate pallu, and broad border. Perfect for weddings, festive events, and traditional celebrations, with matching unstitched blouse included.","Step into timeless elegance with this Teal Banarasi Silk Saree with Golden Zari Weaving. Crafted from premium Banarasi silk, the saree features intricate golden zari motifs, combining floral and peacock-inspired designs across the body to reflect the richness of Indian textile heritage.",,,taxable,,1,100,,0,0,,,,,1,,1350,2499,Gopi Silk Saree,,,"https://imagizer.imageshack.com/img923/2127/wmAdzr.jpg, https://imagizer.imageshack.com/i",,,,,,,,,0,,,,default,,,,,,,,,,,,,,,,,,,,,,,,,,,,,,,,,
,simple,GG-31 A- M,,"Rani Pink Banarasi Silk Saree with Golden Zari | Teardrop & Floral Butta Motifs | Wedding, Festive & Traditional Wear",1,0,visible,"Exude regal charm with this rani pink Banarasi silk saree, featuring golden zari teardrop and floral butta motifs, ornate pallu, and broad decorative border. Perfect for weddings, festivals, receptions, and traditional celebrations, with matching unstitched blouse included.","Step into elegance with this Rani Pink Banarasi Silk Saree with Golden Zari Weaving. Crafted from premium Banarasi silk, the saree is adorned with classic golden zari motifs, including intricate teardrop and floral buttas that reflect traditional Indian craftsmanship.",,,taxable,,1,100,,0,0,,,,,1,,1350,2499,Gopi Silk Saree,,,"https://imagizer.imageshack.com/img924/3950/R3KSIO.jpg, https://imagizer.imageshack.com/img923/3025/Xg5cat.jpg, https://imagizer.imageshack.com/img922/2374/Mu0m4X.jpg, https://imagizer.ima",,,,,,,,,0,,,,default,,,,,,,,,,,,,,,,,,,,,,,,,,,,,,,,,
,simple,GG-32 A-M,,"Royal Purple Banarasi Silk Saree with Golden Zari Butta | Floral & Teardrop Motifs | Wedding, Festive & Traditional Wear",1,0,visible,"Drape elegance with this royal purple Banarasi silk saree, adorned with golden zari teardrop and floral motifs, ornate pallu, and decorative borders. Perfect for weddings, festivals, receptions, and traditional ceremonies, with matching unstitched blouse included.","Step into regal sophistication with this Royal Purple Banarasi Silk Saree with Golden Zari Butta Weaving. Crafted from premium Banarasi silk, the saree features elegant golden zari teardrop motifs enclosed in floral patterns, showcasing the timeless artistry of traditional weaving.",,,taxable,,1,100,,0,0,,,,,1,,1350,2499,Gopi Silk Saree,,,"https://imagizer.imageshack.com/img924/9176/1j0KSR.jpg, https://imagizer.imageshack.com/img923/2252/O0vrmG.jpg, https://imagizer.imageshack.com/img923/6074/8v2oPz.jpg, https://imagizer.imageshack.com/img924/8913/Ec9ktK.jpg, https",,,,,,,,,0,,,,default,,,,,,,,,,,,,,,,,,,,,,,,,,,,,,,,,
,simple,GG-33 A-M,,"Emerald Green Banarasi Silk Saree with Golden Zari Butti | Ornate Pallu & Border | Wedding, Festive & Traditional Wear",1,0,visible,"Drape elegance in this emerald green Banarasi silk saree, featuring golden zari butti motifs, wide ornate border, and rich heritage pallu. Perfect for weddings, puja events, festivals, and receptions, with matching unstitched blouse included.","Step into timeless elegance with this Emerald Green Banarasi Silk Saree with Golden Zari Butti and Rich Pallu. Crafted from luxurious Banarasi silk, the saree features all-over golden zari butti motifs in teardrop and floral patterns, enclosed with delicate vine detailing, reflecting the finesse of traditional weaving.",,,taxable,,1,100,,0,0,,,,,1,,1350,2499,Gopi Silk Saree,,,"https://imagizer.imageshack.com/img922/2954/Zh46Cz.jpg, https://imagizer.imageshack.com/img924/1381/zpvUff.jpg, https://imagizer.imageshack.com/img924/9656/IJiTsV.jpg, https://imagizer.imageshack.com/img924/3389/Y2xA5D.jpg, https://imagizer.imageshack.com/img923/6615/TRkUyB.jpg, https://imagizer.imageshack.com/img923/7328/3mw6p4.jpg",,,,,,,,,0,,,,default,,,,,,,,,,,,,,,,,,,,,,,,,,,,,,,,,
,simple,GG-34 A-M,,"Sky Blue Banarasi Silk Saree with Silver Zari Butti | Ornate Pallu & Border | Wedding, Festive & Traditional Wear",1,0,visible,"Elevate your ethnic wardrobe with this sky blue Banarasi silk saree, featuring silver zari butti motifs, ornate pallu, and detailed border. Perfect for festivals, engagements, parties, and cultural events, with matching unstitched blouse included.","Refresh your festive collection with this Sky Blue Banarasi Silk Saree with Silver Zari Butti and Ornate Pallu. Crafted from premium Banarasi silk, the saree showcases delicate silver zari butti motifs spread elegantly across the body, complemented by a finely detailed border.",,,taxable,,1,100,,0,0,,,,,1,,1350,2499,Gopi Silk Saree,,,"https://imagizer.imageshack.com/img922/4723/5KDmZ8.jpg, https://imagizer.imageshack.com/img924/527/WhnNzu.jpg, https://imagizer.imageshack.com/img924",,,,,,,,,0,,,,default,,,,,,,,,,,,,,,,,,,,,,,,,,,,,,,,,
,simple,GG-35 A-M,,"Pastel Teal Banarasi Silk Saree with Gold Zari Butti | Ornate Pallu & Border | Wedding, Festive & Traditional Wear",1,0,visible,"Add grace to your ethnic collection with this pastel teal Banarasi silk saree, adorned with gold zari butti motifs, ornate pallu, and detailed border. Perfect for weddings, festivals, parties, and traditional events, with matching unstitched blouse included.","Elevate your traditional wardrobe with this Pastel Teal Banarasi Silk Saree with Gold Zari Butti and Ornate Pallu. Made from premium Banarasi silk, the saree features classic gold zari butti motifs artfully spread across the body, reflecting timeless craftsmanship.",,,taxable,,1,100,,0,0,,,,,1,,1350,2499,Gopi Silk Saree,,,"https://imagizer.imageshack.com/img922/9831/NGLpa7.jpg, https://imagizer.imageshack.com/img922/4525/DyfIpS.jpg, https://imagizer.imageshack.com/img924/5934/CmCh0T.jpg, https://imagizer.imageshack.com/img922",,,,,,,,,0,,,,default,,,,,,,,,,,,,,,,,,,,,,,,,,,,,,,,,
,simple,GG-36 A-M,,"Pista Green Banarasi Silk Saree with Silver Zari Butti | Ornate Pallu & Border | Wedding, Festive & Traditional Wear",1,0,visible,"Enhance your ethnic wardrobe with this pista green Banarasi silk saree, featuring silver zari butti motifs, ornate pallu, and detailed border. Perfect for festivals, ceremonies, parties, and traditional events, with matching unstitched blouse included.","Bring elegance and sophistication to your festive collection with this Pista Green Banarasi Silk Saree with Silver Zari Butti and Ornate Pallu. Made from premium Banarasi silk, the saree is adorned with all-over silver zari butti motifs, reflecting traditional craftsmanship.",,,taxable,,1,100,,0,0,,,,,1,,1350,2499,Gopi Silk Saree,,,"https://imagizer.imageshack.com/img924/9854/C0aJs5.jpg, https://imagizer.imageshack.com/img923/8152/XiQUC8.jpg, https://imagiz",,,,,,,,,0,,,,default,,,,,,,,,,,,,,,,,,,,,,,,,,,,,,,,,
,simple,GG-37 A-M,,"Lavender Banarasi Silk Saree with Gold Zari Butti | Majestic Pallu & Ornate Border | Wedding, Festival & Traditional Wear",1,0,visible,"Add regal charm with this lavender Banarasi silk saree, featuring gold zari butti motifs, ornate border, and majestic pallu. Ideal for weddings, festivals, engagements, and cultural events, with matching unstitched blouse included.","Step into timeless elegance with this Lavender Banarasi Silk Saree with Gold Zari Butti and Majestic Pallu. Crafted from premium Banarasi silk, this saree features delicate gold zari floral butti motifs across the body, paired with a rich zari border that enhances its traditional allure.",,,taxable,,1,100,,0,0,,,,,1,,1350,2499,Gopi Silk Saree,,,"https://imagizer.imageshack.com/img924/2221/FyJUdw.jpg, https://imagizer.imageshack.com/img924/6194/gs0OYn.jpg, https://imagizer.imageshack.com/img922/6074/d0nMbY.jpg, https://imagizer.imageshack.com/img923/6970/DYVMOc.jpg, https://imagizer.imageshack.com/img924/86/CbhNXA.jpg, https://imagizer.imageshack.com/img923/6739/PEFJHf.jpg",,,,,,,,,0,,,,default,,,,,,,,,,,,,,,,,,,,,,,,,,,,,,,,,
,simple,GG-38 A-M,,"Dusty Rose Banarasi Silk Saree with Gold Zari Butti | Regal Pallu & Ornate Border | Wedding, Festival & Traditional Wear",1,0,visible,"Elevate your ethnic wardrobe with this dusty rose Banarasi silk saree, featuring gold zari butti motifs, ornate border, and regal pallu. Perfect for weddings, festivals, engagements, and cultural events, with matching unstitched blouse included.","Exude sophistication and grace with this Dusty Rose Banarasi Silk Saree with Gold Zari Butti and Regal Pallu. Made from premium Banarasi silk, the saree features intricate gold zari butti motifs across the body, paired with a rich zari border for a traditional touch.",,,taxable,,1,100,,0,0,,,,,1,,1350,2499,Gopi Silk Saree,,,"https://imagizer.imageshack.com/img922/8751/8jHXvc.jpg, https://imagizer.imageshack.com/img922/1916/Ssg8FO.jp",,,,,,,,,0,,,,default,,,,,,,,,,,,,,,,,,,,,,,,,,,,,,,,,
,simple,GG-39 A-M,,Sea Green & Navy Blue Banarasi Silk Saree with Gold Zari Embellishment | Floral Buta Motifs | Wedding & Festive Wear,1,0,visible,"Add a regal touch to your ethnic wardrobe with this sea green Banarasi silk saree featuring gold zari floral buta motifs, navy blue border, and intricately woven pallu. Ideal for weddings, festive events, and traditional celebrations, complete with matching blouse piece.","Exude elegance and tradition with this Sea Green & Navy Blue Banarasi Silk Saree with Zari Embellishment. Crafted from premium Banarasi silk, the saree is adorned with delicate floral buta motifs in multicolor threads across the body, adding a vibrant yet sophisticated appeal.",,,taxable,,1,100,,0,0,,,,,1,,1100,2199,Gopi Silk Saree,,,"https://imagizer.imageshack.com/img922/5673/tMOHgH.jpg, https://imagizer.imageshack.com/img922/9510/D338FW.jpg, https://imagizer.imageshack.com/img923/9038/hfLLJk.jpg, https://imag",,,,,,,,,0,,,,default,,,,,,,,,,,,,,,,,,,,,,,,,,,,,,,,,
,simple,GG-40 A-M,,Mauve & Midnight Blue Banarasi Silk Saree with Copper Zari Lotus Motifs | Festive & Wedding Wear | Elegant Traditional Saree,1,0,visible,"Enhance your ethnic wardrobe with this mauve Banarasi silk saree featuring navy-blue lotus motifs, copper zari border, and grand woven pallu. Perfect for weddings, festivals, and traditional occasions, complete with matching blouse piece.","Exude grace and sophistication with this Mauve & Midnight Blue Banarasi Silk Saree with Lotus Motifs. Crafted from premium Banarasi silk, the saree is beautifully embellished with navy-blue lotus butti motifs, adding a touch of floral elegance.",,,taxable,,1,100,,0,0,,,,,1,,1100,2199,Gopi Silk Saree,,,"https://imagizer.imageshack.com/img923/1403/kQKpiK.jpg, https://imagizer.imageshack.com/img922/6504/syvimy.jpg, https://imagizer.imageshack.com/img923/1875/ujZgU",,,,,,,,,0,,,,default,,,,,,,,,,,,,,,,,,,,,,,,,,,,,,,,,
,simple,GG-41 A-M,,"Beige & Plum Banarasi Silk Saree with Zari Weaving | Elegant Traditional Saree for Weddings, Festivals & Ethnic Occasions",1,0,visible,"Add timeless elegance to your wardrobe with this beige Banarasi silk saree featuring plum zari floral motifs, rich border, and ornate pallu. Perfect for weddings, festivals, and traditional events, includes a matching unstitched blouse piece.","Step into sophistication with this Beige & Plum Zari Woven Banarasi Silk Saree, a perfect blend of traditional artistry and modern elegance. The soft beige silk body is adorned with delicate plum zari floral motifs, creating a subtle yet regal look.",,,taxable,,1,100,,0,0,,,,,1,,1100,2199,Gopi Silk Saree,,,"https://imagizer.imageshack.com/img923/3625/dsb6EA.jpg, https://imagizer.imageshack.com/img923/7159/p92CID.jpg, https://imagizer.imageshack.com/img923/5827/2iAMec.jpg, https://imagizer.imageshack.com/img923/7482/LXmFCU.jpg, https://imagizer.imageshack.com/img922/2010/foYOcb.jpg, https://imagizer.imageshack.com/img923/3662/L8xCcL.jpg",,,,,,,,,0,,,,default,,,,,,,,,,,,,,,,,,,,,,,,,,,,,,,,,
,simple,GG-42 A-M,,"Mustard Yellow & Green Banarasi Silk Saree with Zari Weaving | Elegant Traditional Saree for Weddings, Festivals & Ethnic Occasions",1,0,visible,"Shine in this mustard yellow Banarasi silk saree with deep green zari motifs, rich border, and ornate pallu. Perfect for weddings, festivals, and traditional events, comes with a matching unstitched blouse piece.","Make a statement with this Mustard Yellow & Green Zari Woven Banarasi Silk Saree, a harmonious blend of tradition and elegance. The vibrant mustard silk body is adorned with intricate floral and paisley zari motifs, creating a regal and festive look.",,,taxable,,1,100,,0,0,,,,,1,,1100,2199,Gopi Silk Saree,,,"https://imagizer.imageshack.com/img923/7107/G5gPb1.jpg, https://imagizer.imageshack.com/img922/6021/q5evgF.jpg, https://imagizer.imageshack.com/img924/3715/LkmAan.jpg, https://imagizer.imageshack.com/img923/7039/XigUaP.jpg, https://imagizer.imageshack.com/img922/2922/TpcMyo.jpg, https://imagizer.imageshack.com/img923/4041/XLmRZG.jpg",,,,,,,,,0,,,,default,,,,,,,,,,,,,,,,,,,,,,,,,,,,,,,,,
